Profile,Review URL
RubyColes724,https://www.amazon.com/gp/customer-reviews/R1RA5D8OF690Z5
RubyColes724,https://www.amazon.com/gp/customer-reviews/R3VMLP0BNTR9AC
RubyColes724,https://www.amazon.com/gp/customer-reviews/R2R0YWJ9AEIXUY
RubyColes724,https://www.amazon.com/gp/customer-reviews/R2W699XA4ZJ5JC
RubyColes724,https://www.amazon.com/gp/customer-reviews/R2HWS33MW5ADLG
RubyColes724,https://www.amazon.com/gp/customer-reviews/R1ZPBTKT5WBUB4
RubyColes724,https://www.amazon.com/gp/customer-reviews/R1L895ZFLLPQ9Z
RubyColes724,https://www.amazon.com/gp/customer-reviews/RYUK4QFLB8R7D
RubyColes724,https://www.amazon.com/gp/customer-reviews/R16Y8H24BP7QVW
RubyColes724,https://www.amazon.com/gp/customer-reviews/RN7HX7BQ30V0W
RubyColes724,https://www.amazon.com/gp/customer-reviews/R1TMLJPBH9DA04
RubyColes724,https://www.amazon.com/gp/customer-reviews/R2XXESEPVAOR2A
RubyColes724,https://www.amazon.com/gp/customer-reviews/R8RYE428K1S6K
RubyColes724,https://www.amazon.com/gp/customer-reviews/R36NC360XQF30X
RubyColes724,https://www.amazon.com/gp/customer-reviews/RGRNPNH6IKNQ4
RubyColes724,https://www.amazon.com/gp/customer-reviews/R22WB4VU8KVB7G
RubyColes724,https://www.amazon.com/gp/customer-reviews/R29HHQDN82P8P
RubyColes724,https://www.amazon.com/gp/customer-reviews/R1H852EW29XMXG
RubyColes724,https://www.amazon.com/gp/customer-reviews/RICUGWW35RUHE
RubyColes724,https://www.amazon.com/gp/customer-reviews/R36OHHWGVU7SV5
RubyColes724,https://www.amazon.com/gp/customer-reviews/R2BQF4SOIERRT8
RubyColes724,https://www.amazon.com/gp/customer-reviews/RRJPX3O2SE09W
RubyColes724,https://www.amazon.com/gp/customer-reviews/RL6FUF45CX60
RubyColes724,https://www.amazon.com/gp/customer-reviews/R3LDYTXJLCI2K
RubyColes724,https://www.amazon.com/gp/customer-reviews/R3UF48B9ASEQ67
RubyColes724,https://www.amazon.com/gp/customer-reviews/R36TZJ130X7HTE
RubyColes724,https://www.amazon.com/gp/customer-reviews/RDU0NSBDKYX0R
RubyColes724,https://www.amazon.com/gp/customer-reviews/R3VY5FZFY5BE54
RubyColes724,https://www.amazon.com/gp/customer-reviews/R7KCK88O4IVQH
RubyColes724,https://www.amazon.com/gp/customer-reviews/R3EC587BX87OK9
RubyColes724,https://www.amazon.com/gp/customer-reviews/R1SGQX6ZHXEJ5F
RubyColes724,https://www.amazon.com/gp/customer-reviews/RMZX959LV8MZ
RubyColes724,https://www.amazon.com/gp/customer-reviews/R2HDV0LDU08IUZ
RubyColes724,https://www.amazon.com/gp/customer-reviews/ROHK5F5O7V7DK
RubyColes724,https://www.amazon.com/gp/customer-reviews/R2WKGGTZQALIZ4
RubyColes724,https://www.amazon.com/gp/customer-reviews/R3M5XZEKDHAF9Z
RubyColes724,https://www.amazon.com/gp/customer-reviews/R33YL7NUHDGLLR
RubyColes724,https://www.amazon.com/gp/customer-reviews/R1OT08QWIG7OKL
RubyColes724,https://www.amazon.com/gp/customer-reviews/R11EU8VX65D7SV
RubyColes724,https://www.amazon.com/gp/customer-reviews/R10ARAL9IIDR5I
RubyColes724,https://www.amazon.com/gp/customer-reviews/R2KDS1TDT79WN3
RubyColes724,https://www.amazon.com/gp/customer-reviews/R18SGXCIYTOT2
RubyColes724,https://www.amazon.com/gp/customer-reviews/R1FU8XGLBJTL03
RubyColes724,https://www.amazon.com/gp/customer-reviews/RL7XMPF0B8K3L
RubyColes724,https://www.amazon.com/gp/customer-reviews/R2OWR3AJ34NUKH
RubyColes724,https://www.amazon.com/gp/customer-reviews/RM2MDXOQVPIZO
RubyColes724,https://www.amazon.com/gp/customer-reviews/RQX52JH7ZFG2Z
RubyColes724,https://www.amazon.com/gp/customer-reviews/RPMX54RNUD554
RubyColes724,https://www.amazon.com/gp/customer-reviews/RATUIHZRU9GFN
RubyColes724,https://www.amazon.com/gp/customer-reviews/RS6HOXWAC246K
RubyColes724,https://www.amazon.com/gp/customer-reviews/R2ONQQ0MTR8UVI
RubyColes724,https://www.amazon.com/gp/customer-reviews/R2QXUN6VJC7FO1
RubyColes724,https://www.amazon.com/gp/customer-reviews/R1RBQ3FG8VZ0FX
RubyColes724,https://www.amazon.com/gp/customer-reviews/R2KHQSC81IY6ZQ
RubyColes724,https://www.amazon.com/gp/customer-reviews/R11EVY03JIC73G
RubyColes724,https://www.amazon.com/gp/customer-reviews/R3O3XYFZE9V116
RubyColes724,https://www.amazon.com/gp/customer-reviews/R1M6KXINU11YI4
RubyColes724,https://www.amazon.com/gp/customer-reviews/R2SDQ4PABVET7
RubyColes724,https://www.amazon.com/gp/customer-reviews/RIT3066LG0QLG
RubyColes724,https://www.amazon.com/gp/customer-reviews/R1K15JRQ53OWKE
RubyColes724,https://www.amazon.com/gp/customer-reviews/R1O0W07DTAGV4T
RubyColes724,https://www.amazon.com/gp/customer-reviews/R3SKMOXH56243V
RubyColes724,https://www.amazon.com/gp/customer-reviews/R20JW1CQ15SOEB
RubyColes724,https://www.amazon.com/gp/customer-reviews/R39A7X0C0JKILA
RubyColes724,https://www.amazon.com/gp/customer-reviews/R1F0XM78JZVVQ3
RubyColes724,https://www.amazon.com/gp/customer-reviews/R1MYS0LRS9V9Y8
RubyColes724,https://www.amazon.com/gp/customer-reviews/R3VGFGAOCL2ERF
RubyColes724,https://www.amazon.com/gp/customer-reviews/R2KCEN56PV9Y09
RubyColes724,https://www.amazon.com/gp/customer-reviews/R1PLEBF3NYAP59
RubyColes724,https://www.amazon.com/gp/customer-reviews/R3TM6LCG02WZ1L
RubyColes724,https://www.amazon.com/gp/customer-reviews/R2NGJI8RC44DGT
RubyColes724,https://www.amazon.com/gp/customer-reviews/R11BQFILRWBCGG
RubyColes724,https://www.amazon.com/gp/customer-reviews/RFY40AT1XB8LP
RubyColes724,https://www.amazon.com/gp/customer-reviews/R2CTVUZA3438RX
RubyColes724,https://www.amazon.com/gp/customer-reviews/R1JAUTQ9A70A8N
RubyColes724,https://www.amazon.com/gp/customer-reviews/R3PG200HSDOKIS
RubyColes724,https://www.amazon.com/gp/customer-reviews/RB5REKH37Q0C5
RubyColes724,https://www.amazon.com/gp/customer-reviews/RIGBUZAA8NIV4
RubyColes724,https://www.amazon.com/gp/customer-reviews/R3K3O1TA6T4RMW
RubyColes724,https://www.amazon.com/gp/customer-reviews/R32LDKA5SFN7QZ
RubyColes724,https://www.amazon.com/gp/customer-reviews/RCJFOKZL49PUI
RubyColes724,https://www.amazon.com/gp/customer-reviews/R2S8JK5HYOW4UP
RubyColes724,https://www.amazon.com/gp/customer-reviews/R14W33AJYFW2RN
RubyColes724,https://www.amazon.com/gp/customer-reviews/R2HGWT6F9AD79A
RubyColes724,https://www.amazon.com/gp/customer-reviews/R16TNF8AJHNOG2
RubyColes724,https://www.amazon.com/gp/customer-reviews/R1M5G31Z2I5XBT
RubyColes724,https://www.amazon.com/gp/customer-reviews/R2K23FPM8BJ0JF
RubyColes724,https://www.amazon.com/gp/customer-reviews/R130ML8M713ZQH
RubyColes724,https://www.amazon.com/gp/customer-reviews/R18VQUYRUWMDEV
RubyColes724,https://www.amazon.com/gp/customer-reviews/R1HFPUEW5JXX8P
RubyColes724,https://www.amazon.com/gp/customer-reviews/R1PQGVD7M6W8FU
RubyColes724,https://www.amazon.com/gp/customer-reviews/R5OORUKEDFOGF
RubyColes724,https://www.amazon.com/gp/customer-reviews/R2GCT7ZDI5WF2C
RubyColes724,https://www.amazon.com/gp/customer-reviews/R2QM63593KHJD0
RubyColes724,https://www.amazon.com/gp/customer-reviews/R280XXQG8N2ZJM
RubyColes724,https://www.amazon.com/gp/customer-reviews/R27RWV9B69FWGP
RubyColes724,https://www.amazon.com/gp/customer-reviews/R1G42XGVD217V6
RubyColes724,https://www.amazon.com/gp/customer-reviews/R2BU8EJ8NA15FK
RubyColes724,https://www.amazon.com/gp/customer-reviews/R1I2Q0CGA6FMHC
RubyColes724,https://www.amazon.com/gp/customer-reviews/R25Z2GQTKIJELS
RubyColes724,https://www.amazon.com/gp/customer-reviews/R1N8OL107QVMU9
RubyColes724,https://www.amazon.com/gp/customer-reviews/R27ON0M0I9IUFW
RubyColes724,https://www.amazon.com/gp/customer-reviews/RUOK0EREMT9M9
RubyColes724,https://www.amazon.com/gp/customer-reviews/R3IXOCWFL1ZQWB
RubyColes724,https://www.amazon.com/gp/customer-reviews/RR6X28NNEJ9OX
RubyColes724,https://www.amazon.com/gp/customer-reviews/R2EZEJAFUAQBDN
RubyColes724,https://www.amazon.com/gp/customer-reviews/R3UBTB12T0CV3I
RubyColes724,https://www.amazon.com/gp/customer-reviews/R31SIZ00HUENWY
RubyColes724,https://www.amazon.com/gp/customer-reviews/R137CR3BOC80H6
RuthTipton166,https://www.amazon.com/gp/customer-reviews/R1RA5D8OF690Z5
RuthTipton166,https://www.amazon.com/gp/customer-reviews/R3VMLP0BNTR9AC
RuthTipton166,https://www.amazon.com/gp/customer-reviews/R2R0YWJ9AEIXUY
RuthTipton166,https://www.amazon.com/gp/customer-reviews/R2W699XA4ZJ5JC
RuthTipton166,https://www.amazon.com/gp/customer-reviews/R2HWS33MW5ADLG
RuthTipton166,https://www.amazon.com/gp/customer-reviews/R1ZPBTKT5WBUB4
RuthTipton166,https://www.amazon.com/gp/customer-reviews/R1L895ZFLLPQ9Z
RuthTipton166,https://www.amazon.com/gp/customer-reviews/RYUK4QFLB8R7D
RuthTipton166,https://www.amazon.com/gp/customer-reviews/R16Y8H24BP7QVW
RuthTipton166,https://www.amazon.com/gp/customer-reviews/RN7HX7BQ30V0W
RuthTipton166,https://www.amazon.com/gp/customer-reviews/R1TMLJPBH9DA04
RuthTipton166,https://www.amazon.com/gp/customer-reviews/R2XXESEPVAOR2A
RuthTipton166,https://www.amazon.com/gp/customer-reviews/R8RYE428K1S6K
RuthTipton166,https://www.amazon.com/gp/customer-reviews/R36NC360XQF30X
RuthTipton166,https://www.amazon.com/gp/customer-reviews/RGRNPNH6IKNQ4
RuthTipton166,https://www.amazon.com/gp/customer-reviews/R22WB4VU8KVB7G
RuthTipton166,https://www.amazon.com/gp/customer-reviews/R29HHQDN82P8P
RuthTipton166,https://www.amazon.com/gp/customer-reviews/R1H852EW29XMXG
RuthTipton166,https://www.amazon.com/gp/customer-reviews/RICUGWW35RUHE
RuthTipton166,https://www.amazon.com/gp/customer-reviews/R36OHHWGVU7SV5
RuthTipton166,https://www.amazon.com/gp/customer-reviews/R2BQF4SOIERRT8
RuthTipton166,https://www.amazon.com/gp/customer-reviews/RRJPX3O2SE09W
RuthTipton166,https://www.amazon.com/gp/customer-reviews/RL6FUF45CX60
RuthTipton166,https://www.amazon.com/gp/customer-reviews/R3LDYTXJLCI2K
RuthTipton166,https://www.amazon.com/gp/customer-reviews/R3UF48B9ASEQ67
RuthTipton166,https://www.amazon.com/gp/customer-reviews/R36TZJ130X7HTE
RuthTipton166,https://www.amazon.com/gp/customer-reviews/RDU0NSBDKYX0R
RuthTipton166,https://www.amazon.com/gp/customer-reviews/R3VY5FZFY5BE54
RuthTipton166,https://www.amazon.com/gp/customer-reviews/R7KCK88O4IVQH
RuthTipton166,https://www.amazon.com/gp/customer-reviews/R3EC587BX87OK9
RuthTipton166,https://www.amazon.com/gp/customer-reviews/R1SGQX6ZHXEJ5F
RuthTipton166,https://www.amazon.com/gp/customer-reviews/RMZX959LV8MZ
RuthTipton166,https://www.amazon.com/gp/customer-reviews/R2HDV0LDU08IUZ
RuthTipton166,https://www.amazon.com/gp/customer-reviews/ROHK5F5O7V7DK
RuthTipton166,https://www.amazon.com/gp/customer-reviews/R2WKGGTZQALIZ4
RuthTipton166,https://www.amazon.com/gp/customer-reviews/R3M5XZEKDHAF9Z
RuthTipton166,https://www.amazon.com/gp/customer-reviews/R33YL7NUHDGLLR
RuthTipton166,https://www.amazon.com/gp/customer-reviews/R1OT08QWIG7OKL
RuthTipton166,https://www.amazon.com/gp/customer-reviews/R11EU8VX65D7SV
RuthTipton166,https://www.amazon.com/gp/customer-reviews/R10ARAL9IIDR5I
RuthTipton166,https://www.amazon.com/gp/customer-reviews/R2KDS1TDT79WN3
RuthTipton166,https://www.amazon.com/gp/customer-reviews/R18SGXCIYTOT2
RuthTipton166,https://www.amazon.com/gp/customer-reviews/R1FU8XGLBJTL03
RuthTipton166,https://www.amazon.com/gp/customer-reviews/RL7XMPF0B8K3L
RuthTipton166,https://www.amazon.com/gp/customer-reviews/R2OWR3AJ34NUKH
RuthTipton166,https://www.amazon.com/gp/customer-reviews/RM2MDXOQVPIZO
RuthTipton166,https://www.amazon.com/gp/customer-reviews/RQX52JH7ZFG2Z
RuthTipton166,https://www.amazon.com/gp/customer-reviews/RPMX54RNUD554
RuthTipton166,https://www.amazon.com/gp/customer-reviews/RATUIHZRU9GFN
RuthTipton166,https://www.amazon.com/gp/customer-reviews/RS6HOXWAC246K
RuthTipton166,https://www.amazon.com/gp/customer-reviews/R2ONQQ0MTR8UVI
RuthTipton166,https://www.amazon.com/gp/customer-reviews/R2QXUN6VJC7FO1
RuthTipton166,https://www.amazon.com/gp/customer-reviews/R1RBQ3FG8VZ0FX
RuthTipton166,https://www.amazon.com/gp/customer-reviews/R2KHQSC81IY6ZQ
RuthTipton166,https://www.amazon.com/gp/customer-reviews/R11EVY03JIC73G
RuthTipton166,https://www.amazon.com/gp/customer-reviews/R3O3XYFZE9V116
RuthTipton166,https://www.amazon.com/gp/customer-reviews/R1M6KXINU11YI4
RuthTipton166,https://www.amazon.com/gp/customer-reviews/R2SDQ4PABVET7
RuthTipton166,https://www.amazon.com/gp/customer-reviews/RIT3066LG0QLG
RuthTipton166,https://www.amazon.com/gp/customer-reviews/R1K15JRQ53OWKE
RuthTipton166,https://www.amazon.com/gp/customer-reviews/R1O0W07DTAGV4T
RuthTipton166,https://www.amazon.com/gp/customer-reviews/R3SKMOXH56243V
RuthTipton166,https://www.amazon.com/gp/customer-reviews/R20JW1CQ15SOEB
RuthTipton166,https://www.amazon.com/gp/customer-reviews/R39A7X0C0JKILA
RuthTipton166,https://www.amazon.com/gp/customer-reviews/R1F0XM78JZVVQ3
RuthTipton166,https://www.amazon.com/gp/customer-reviews/R1MYS0LRS9V9Y8
RuthTipton166,https://www.amazon.com/gp/customer-reviews/R3VGFGAOCL2ERF
RuthTipton166,https://www.amazon.com/gp/customer-reviews/R2KCEN56PV9Y09
RuthTipton166,https://www.amazon.com/gp/customer-reviews/R1PLEBF3NYAP59
RuthTipton166,https://www.amazon.com/gp/customer-reviews/R3TM6LCG02WZ1L
RuthTipton166,https://www.amazon.com/gp/customer-reviews/R2NGJI8RC44DGT
RuthTipton166,https://www.amazon.com/gp/customer-reviews/R11BQFILRWBCGG
RuthTipton166,https://www.amazon.com/gp/customer-reviews/RFY40AT1XB8LP
RuthTipton166,https://www.amazon.com/gp/customer-reviews/R2CTVUZA3438RX
RuthTipton166,https://www.amazon.com/gp/customer-reviews/R1JAUTQ9A70A8N
RuthTipton166,https://www.amazon.com/gp/customer-reviews/R3PG200HSDOKIS
RuthTipton166,https://www.amazon.com/gp/customer-reviews/RB5REKH37Q0C5
RuthTipton166,https://www.amazon.com/gp/customer-reviews/RIGBUZAA8NIV4
RuthTipton166,https://www.amazon.com/gp/customer-reviews/R3K3O1TA6T4RMW
RuthTipton166,https://www.amazon.com/gp/customer-reviews/R32LDKA5SFN7QZ
RuthTipton166,https://www.amazon.com/gp/customer-reviews/RCJFOKZL49PUI
RuthTipton166,https://www.amazon.com/gp/customer-reviews/R2S8JK5HYOW4UP
RuthTipton166,https://www.amazon.com/gp/customer-reviews/R14W33AJYFW2RN
RuthTipton166,https://www.amazon.com/gp/customer-reviews/R2HGWT6F9AD79A
RuthTipton166,https://www.amazon.com/gp/customer-reviews/R16TNF8AJHNOG2
RuthTipton166,https://www.amazon.com/gp/customer-reviews/R1M5G31Z2I5XBT
RuthTipton166,https://www.amazon.com/gp/customer-reviews/R2K23FPM8BJ0JF
RuthTipton166,https://www.amazon.com/gp/customer-reviews/R130ML8M713ZQH
RuthTipton166,https://www.amazon.com/gp/customer-reviews/R18VQUYRUWMDEV
RuthTipton166,https://www.amazon.com/gp/customer-reviews/R1HFPUEW5JXX8P
RuthTipton166,https://www.amazon.com/gp/customer-reviews/R1PQGVD7M6W8FU
RuthTipton166,https://www.amazon.com/gp/customer-reviews/R5OORUKEDFOGF
RuthTipton166,https://www.amazon.com/gp/customer-reviews/R2GCT7ZDI5WF2C
RuthTipton166,https://www.amazon.com/gp/customer-reviews/R2QM63593KHJD0
RuthTipton166,https://www.amazon.com/gp/customer-reviews/R280XXQG8N2ZJM
RuthTipton166,https://www.amazon.com/gp/customer-reviews/R27RWV9B69FWGP
RuthTipton166,https://www.amazon.com/gp/customer-reviews/R1G42XGVD217V6
RuthTipton166,https://www.amazon.com/gp/customer-reviews/R2BU8EJ8NA15FK
RuthTipton166,https://www.amazon.com/gp/customer-reviews/R1I2Q0CGA6FMHC
RuthTipton166,https://www.amazon.com/gp/customer-reviews/R25Z2GQTKIJELS
RuthTipton166,https://www.amazon.com/gp/customer-reviews/R1N8OL107QVMU9
RuthTipton166,https://www.amazon.com/gp/customer-reviews/R27ON0M0I9IUFW
RuthTipton166,https://www.amazon.com/gp/customer-reviews/RUOK0EREMT9M9
RuthTipton166,https://www.amazon.com/gp/customer-reviews/R3IXOCWFL1ZQWB
RuthTipton166,https://www.amazon.com/gp/customer-reviews/RR6X28NNEJ9OX
RuthTipton166,https://www.amazon.com/gp/customer-reviews/R2EZEJAFUAQBDN
RuthTipton166,https://www.amazon.com/gp/customer-reviews/R3UBTB12T0CV3I
RuthTipton166,https://www.amazon.com/gp/customer-reviews/R31SIZ00HUENWY
RuthTipton166,https://www.amazon.com/gp/customer-reviews/R137CR3BOC80H6
SableOmalley415,https://www.amazon.com/gp/customer-reviews/R1RA5D8OF690Z5
SableOmalley415,https://www.amazon.com/gp/customer-reviews/R3VMLP0BNTR9AC
SableOmalley415,https://www.amazon.com/gp/customer-reviews/R2R0YWJ9AEIXUY
SableOmalley415,https://www.amazon.com/gp/customer-reviews/R2W699XA4ZJ5JC
SableOmalley415,https://www.amazon.com/gp/customer-reviews/R2HWS33MW5ADLG
SableOmalley415,https://www.amazon.com/gp/customer-reviews/R1ZPBTKT5WBUB4
SableOmalley415,https://www.amazon.com/gp/customer-reviews/R1L895ZFLLPQ9Z
SableOmalley415,https://www.amazon.com/gp/customer-reviews/RYUK4QFLB8R7D
SableOmalley415,https://www.amazon.com/gp/customer-reviews/R16Y8H24BP7QVW
SableOmalley415,https://www.amazon.com/gp/customer-reviews/RN7HX7BQ30V0W
SableOmalley415,https://www.amazon.com/gp/customer-reviews/R1TMLJPBH9DA04
SableOmalley415,https://www.amazon.com/gp/customer-reviews/R2XXESEPVAOR2A
SableOmalley415,https://www.amazon.com/gp/customer-reviews/R8RYE428K1S6K
SableOmalley415,https://www.amazon.com/gp/customer-reviews/R36NC360XQF30X
SableOmalley415,https://www.amazon.com/gp/customer-reviews/RGRNPNH6IKNQ4
SableOmalley415,https://www.amazon.com/gp/customer-reviews/R22WB4VU8KVB7G
SableOmalley415,https://www.amazon.com/gp/customer-reviews/R29HHQDN82P8P
SableOmalley415,https://www.amazon.com/gp/customer-reviews/R1H852EW29XMXG
SableOmalley415,https://www.amazon.com/gp/customer-reviews/RICUGWW35RUHE
SableOmalley415,https://www.amazon.com/gp/customer-reviews/R36OHHWGVU7SV5
SableOmalley415,https://www.amazon.com/gp/customer-reviews/R2BQF4SOIERRT8
SableOmalley415,https://www.amazon.com/gp/customer-reviews/RRJPX3O2SE09W
SableOmalley415,https://www.amazon.com/gp/customer-reviews/RL6FUF45CX60
SableOmalley415,https://www.amazon.com/gp/customer-reviews/R3LDYTXJLCI2K
SableOmalley415,https://www.amazon.com/gp/customer-reviews/R3UF48B9ASEQ67
SableOmalley415,https://www.amazon.com/gp/customer-reviews/R36TZJ130X7HTE
SableOmalley415,https://www.amazon.com/gp/customer-reviews/RDU0NSBDKYX0R
SableOmalley415,https://www.amazon.com/gp/customer-reviews/R3VY5FZFY5BE54
SableOmalley415,https://www.amazon.com/gp/customer-reviews/R7KCK88O4IVQH
SableOmalley415,https://www.amazon.com/gp/customer-reviews/R3EC587BX87OK9
SableOmalley415,https://www.amazon.com/gp/customer-reviews/R1SGQX6ZHXEJ5F
SableOmalley415,https://www.amazon.com/gp/customer-reviews/RMZX959LV8MZ
SableOmalley415,https://www.amazon.com/gp/customer-reviews/R2HDV0LDU08IUZ
SableOmalley415,https://www.amazon.com/gp/customer-reviews/ROHK5F5O7V7DK
SableOmalley415,https://www.amazon.com/gp/customer-reviews/R2WKGGTZQALIZ4
SableOmalley415,https://www.amazon.com/gp/customer-reviews/R3M5XZEKDHAF9Z
SableOmalley415,https://www.amazon.com/gp/customer-reviews/R33YL7NUHDGLLR
SableOmalley415,https://www.amazon.com/gp/customer-reviews/R1OT08QWIG7OKL
SableOmalley415,https://www.amazon.com/gp/customer-reviews/R11EU8VX65D7SV
SableOmalley415,https://www.amazon.com/gp/customer-reviews/R10ARAL9IIDR5I
SableOmalley415,https://www.amazon.com/gp/customer-reviews/R2KDS1TDT79WN3
SableOmalley415,https://www.amazon.com/gp/customer-reviews/R18SGXCIYTOT2
SableOmalley415,https://www.amazon.com/gp/customer-reviews/R1FU8XGLBJTL03
SableOmalley415,https://www.amazon.com/gp/customer-reviews/RL7XMPF0B8K3L
SableOmalley415,https://www.amazon.com/gp/customer-reviews/R2OWR3AJ34NUKH
SableOmalley415,https://www.amazon.com/gp/customer-reviews/RM2MDXOQVPIZO
SableOmalley415,https://www.amazon.com/gp/customer-reviews/RQX52JH7ZFG2Z
SableOmalley415,https://www.amazon.com/gp/customer-reviews/RPMX54RNUD554
SableOmalley415,https://www.amazon.com/gp/customer-reviews/RATUIHZRU9GFN
SableOmalley415,https://www.amazon.com/gp/customer-reviews/RS6HOXWAC246K
SableOmalley415,https://www.amazon.com/gp/customer-reviews/R2ONQQ0MTR8UVI
SableOmalley415,https://www.amazon.com/gp/customer-reviews/R2QXUN6VJC7FO1
SableOmalley415,https://www.amazon.com/gp/customer-reviews/R1RBQ3FG8VZ0FX
SableOmalley415,https://www.amazon.com/gp/customer-reviews/R2KHQSC81IY6ZQ
SableOmalley415,https://www.amazon.com/gp/customer-reviews/R11EVY03JIC73G
SableOmalley415,https://www.amazon.com/gp/customer-reviews/R3O3XYFZE9V116
SableOmalley415,https://www.amazon.com/gp/customer-reviews/R1M6KXINU11YI4
SableOmalley415,https://www.amazon.com/gp/customer-reviews/R2SDQ4PABVET7
SableOmalley415,https://www.amazon.com/gp/customer-reviews/RIT3066LG0QLG
SableOmalley415,https://www.amazon.com/gp/customer-reviews/R1K15JRQ53OWKE
SableOmalley415,https://www.amazon.com/gp/customer-reviews/R1O0W07DTAGV4T
SableOmalley415,https://www.amazon.com/gp/customer-reviews/R3SKMOXH56243V
SableOmalley415,https://www.amazon.com/gp/customer-reviews/R20JW1CQ15SOEB
SableOmalley415,https://www.amazon.com/gp/customer-reviews/R39A7X0C0JKILA
SableOmalley415,https://www.amazon.com/gp/customer-reviews/R1F0XM78JZVVQ3
SableOmalley415,https://www.amazon.com/gp/customer-reviews/R1MYS0LRS9V9Y8
SableOmalley415,https://www.amazon.com/gp/customer-reviews/R3VGFGAOCL2ERF
SableOmalley415,https://www.amazon.com/gp/customer-reviews/R2KCEN56PV9Y09
SableOmalley415,https://www.amazon.com/gp/customer-reviews/R1PLEBF3NYAP59
SableOmalley415,https://www.amazon.com/gp/customer-reviews/R3TM6LCG02WZ1L
SableOmalley415,https://www.amazon.com/gp/customer-reviews/R2NGJI8RC44DGT
SableOmalley415,https://www.amazon.com/gp/customer-reviews/R11BQFILRWBCGG
SableOmalley415,https://www.amazon.com/gp/customer-reviews/RFY40AT1XB8LP
SableOmalley415,https://www.amazon.com/gp/customer-reviews/R2CTVUZA3438RX
SableOmalley415,https://www.amazon.com/gp/customer-reviews/R1JAUTQ9A70A8N
SableOmalley415,https://www.amazon.com/gp/customer-reviews/R3PG200HSDOKIS
SableOmalley415,https://www.amazon.com/gp/customer-reviews/RB5REKH37Q0C5
SableOmalley415,https://www.amazon.com/gp/customer-reviews/RIGBUZAA8NIV4
SableOmalley415,https://www.amazon.com/gp/customer-reviews/R3K3O1TA6T4RMW
SableOmalley415,https://www.amazon.com/gp/customer-reviews/R32LDKA5SFN7QZ
SableOmalley415,https://www.amazon.com/gp/customer-reviews/RCJFOKZL49PUI
SableOmalley415,https://www.amazon.com/gp/customer-reviews/R2S8JK5HYOW4UP
SableOmalley415,https://www.amazon.com/gp/customer-reviews/R14W33AJYFW2RN
SableOmalley415,https://www.amazon.com/gp/customer-reviews/R2HGWT6F9AD79A
SableOmalley415,https://www.amazon.com/gp/customer-reviews/R16TNF8AJHNOG2
SableOmalley415,https://www.amazon.com/gp/customer-reviews/R1M5G31Z2I5XBT
SableOmalley415,https://www.amazon.com/gp/customer-reviews/R2K23FPM8BJ0JF
SableOmalley415,https://www.amazon.com/gp/customer-reviews/R130ML8M713ZQH
SableOmalley415,https://www.amazon.com/gp/customer-reviews/R18VQUYRUWMDEV
SableOmalley415,https://www.amazon.com/gp/customer-reviews/R1HFPUEW5JXX8P
SableOmalley415,https://www.amazon.com/gp/customer-reviews/R1PQGVD7M6W8FU
SableOmalley415,https://www.amazon.com/gp/customer-reviews/R5OORUKEDFOGF
SableOmalley415,https://www.amazon.com/gp/customer-reviews/R2GCT7ZDI5WF2C
SableOmalley415,https://www.amazon.com/gp/customer-reviews/R2QM63593KHJD0
SableOmalley415,https://www.amazon.com/gp/customer-reviews/R280XXQG8N2ZJM
SableOmalley415,https://www.amazon.com/gp/customer-reviews/R27RWV9B69FWGP
SableOmalley415,https://www.amazon.com/gp/customer-reviews/R1G42XGVD217V6
SableOmalley415,https://www.amazon.com/gp/customer-reviews/R2BU8EJ8NA15FK
SableOmalley415,https://www.amazon.com/gp/customer-reviews/R1I2Q0CGA6FMHC
SableOmalley415,https://www.amazon.com/gp/customer-reviews/R25Z2GQTKIJELS
SableOmalley415,https://www.amazon.com/gp/customer-reviews/R1N8OL107QVMU9
SableOmalley415,https://www.amazon.com/gp/customer-reviews/R27ON0M0I9IUFW
SableOmalley415,https://www.amazon.com/gp/customer-reviews/RUOK0EREMT9M9
SableOmalley415,https://www.amazon.com/gp/customer-reviews/R3IXOCWFL1ZQWB
SableOmalley415,https://www.amazon.com/gp/customer-reviews/RR6X28NNEJ9OX
SableOmalley415,https://www.amazon.com/gp/customer-reviews/R2EZEJAFUAQBDN
SableOmalley415,https://www.amazon.com/gp/customer-reviews/R3UBTB12T0CV3I
SableOmalley415,https://www.amazon.com/gp/customer-reviews/R31SIZ00HUENWY
SableOmalley415,https://www.amazon.com/gp/customer-reviews/R137CR3BOC80H6
ShannonThayer505,https://www.amazon.com/gp/customer-reviews/R1RA5D8OF690Z5
ShannonThayer505,https://www.amazon.com/gp/customer-reviews/R3VMLP0BNTR9AC
ShannonThayer505,https://www.amazon.com/gp/customer-reviews/R2R0YWJ9AEIXUY
ShannonThayer505,https://www.amazon.com/gp/customer-reviews/R2W699XA4ZJ5JC
ShannonThayer505,https://www.amazon.com/gp/customer-reviews/R2HWS33MW5ADLG
ShannonThayer505,https://www.amazon.com/gp/customer-reviews/R1ZPBTKT5WBUB4
ShannonThayer505,https://www.amazon.com/gp/customer-reviews/R1L895ZFLLPQ9Z
ShannonThayer505,https://www.amazon.com/gp/customer-reviews/RYUK4QFLB8R7D
ShannonThayer505,https://www.amazon.com/gp/customer-reviews/R16Y8H24BP7QVW
ShannonThayer505,https://www.amazon.com/gp/customer-reviews/RN7HX7BQ30V0W
ShannonThayer505,https://www.amazon.com/gp/customer-reviews/R1TMLJPBH9DA04
ShannonThayer505,https://www.amazon.com/gp/customer-reviews/R2XXESEPVAOR2A
ShannonThayer505,https://www.amazon.com/gp/customer-reviews/R8RYE428K1S6K
ShannonThayer505,https://www.amazon.com/gp/customer-reviews/R36NC360XQF30X
ShannonThayer505,https://www.amazon.com/gp/customer-reviews/RGRNPNH6IKNQ4
ShannonThayer505,https://www.amazon.com/gp/customer-reviews/R22WB4VU8KVB7G
ShannonThayer505,https://www.amazon.com/gp/customer-reviews/R29HHQDN82P8P
ShannonThayer505,https://www.amazon.com/gp/customer-reviews/R1H852EW29XMXG
ShannonThayer505,https://www.amazon.com/gp/customer-reviews/RICUGWW35RUHE
ShannonThayer505,https://www.amazon.com/gp/customer-reviews/R36OHHWGVU7SV5
ShannonThayer505,https://www.amazon.com/gp/customer-reviews/R2BQF4SOIERRT8
ShannonThayer505,https://www.amazon.com/gp/customer-reviews/RRJPX3O2SE09W
ShannonThayer505,https://www.amazon.com/gp/customer-reviews/RL6FUF45CX60
ShannonThayer505,https://www.amazon.com/gp/customer-reviews/R3LDYTXJLCI2K
ShannonThayer505,https://www.amazon.com/gp/customer-reviews/R3UF48B9ASEQ67
ShannonThayer505,https://www.amazon.com/gp/customer-reviews/R36TZJ130X7HTE
ShannonThayer505,https://www.amazon.com/gp/customer-reviews/RDU0NSBDKYX0R
ShannonThayer505,https://www.amazon.com/gp/customer-reviews/R3VY5FZFY5BE54
ShannonThayer505,https://www.amazon.com/gp/customer-reviews/R7KCK88O4IVQH
ShannonThayer505,https://www.amazon.com/gp/customer-reviews/R3EC587BX87OK9
ShannonThayer505,https://www.amazon.com/gp/customer-reviews/R1SGQX6ZHXEJ5F
ShannonThayer505,https://www.amazon.com/gp/customer-reviews/RMZX959LV8MZ
ShannonThayer505,https://www.amazon.com/gp/customer-reviews/R2HDV0LDU08IUZ
ShannonThayer505,https://www.amazon.com/gp/customer-reviews/ROHK5F5O7V7DK
ShannonThayer505,https://www.amazon.com/gp/customer-reviews/R2WKGGTZQALIZ4
ShannonThayer505,https://www.amazon.com/gp/customer-reviews/R3M5XZEKDHAF9Z
ShannonThayer505,https://www.amazon.com/gp/customer-reviews/R33YL7NUHDGLLR
ShannonThayer505,https://www.amazon.com/gp/customer-reviews/R1OT08QWIG7OKL
ShannonThayer505,https://www.amazon.com/gp/customer-reviews/R11EU8VX65D7SV
ShannonThayer505,https://www.amazon.com/gp/customer-reviews/R10ARAL9IIDR5I
ShannonThayer505,https://www.amazon.com/gp/customer-reviews/R2KDS1TDT79WN3
ShannonThayer505,https://www.amazon.com/gp/customer-reviews/R18SGXCIYTOT2
ShannonThayer505,https://www.amazon.com/gp/customer-reviews/R1FU8XGLBJTL03
ShannonThayer505,https://www.amazon.com/gp/customer-reviews/RL7XMPF0B8K3L
ShannonThayer505,https://www.amazon.com/gp/customer-reviews/R2OWR3AJ34NUKH
ShannonThayer505,https://www.amazon.com/gp/customer-reviews/RM2MDXOQVPIZO
ShannonThayer505,https://www.amazon.com/gp/customer-reviews/RQX52JH7ZFG2Z
ShannonThayer505,https://www.amazon.com/gp/customer-reviews/RPMX54RNUD554
ShannonThayer505,https://www.amazon.com/gp/customer-reviews/RATUIHZRU9GFN
ShannonThayer505,https://www.amazon.com/gp/customer-reviews/RS6HOXWAC246K
ShannonThayer505,https://www.amazon.com/gp/customer-reviews/R2ONQQ0MTR8UVI
ShannonThayer505,https://www.amazon.com/gp/customer-reviews/R2QXUN6VJC7FO1
ShannonThayer505,https://www.amazon.com/gp/customer-reviews/R1RBQ3FG8VZ0FX
ShannonThayer505,https://www.amazon.com/gp/customer-reviews/R2KHQSC81IY6ZQ
ShannonThayer505,https://www.amazon.com/gp/customer-reviews/R11EVY03JIC73G
ShannonThayer505,https://www.amazon.com/gp/customer-reviews/R3O3XYFZE9V116
ShannonThayer505,https://www.amazon.com/gp/customer-reviews/R1M6KXINU11YI4
ShannonThayer505,https://www.amazon.com/gp/customer-reviews/R2SDQ4PABVET7
ShannonThayer505,https://www.amazon.com/gp/customer-reviews/RIT3066LG0QLG
ShannonThayer505,https://www.amazon.com/gp/customer-reviews/R1K15JRQ53OWKE
ShannonThayer505,https://www.amazon.com/gp/customer-reviews/R1O0W07DTAGV4T
ShannonThayer505,https://www.amazon.com/gp/customer-reviews/R3SKMOXH56243V
ShannonThayer505,https://www.amazon.com/gp/customer-reviews/R20JW1CQ15SOEB
ShannonThayer505,https://www.amazon.com/gp/customer-reviews/R39A7X0C0JKILA
ShannonThayer505,https://www.amazon.com/gp/customer-reviews/R1F0XM78JZVVQ3
ShannonThayer505,https://www.amazon.com/gp/customer-reviews/R1MYS0LRS9V9Y8
ShannonThayer505,https://www.amazon.com/gp/customer-reviews/R3VGFGAOCL2ERF
ShannonThayer505,https://www.amazon.com/gp/customer-reviews/R2KCEN56PV9Y09
ShannonThayer505,https://www.amazon.com/gp/customer-reviews/R1PLEBF3NYAP59
ShannonThayer505,https://www.amazon.com/gp/customer-reviews/R3TM6LCG02WZ1L
ShannonThayer505,https://www.amazon.com/gp/customer-reviews/R2NGJI8RC44DGT
ShannonThayer505,https://www.amazon.com/gp/customer-reviews/R11BQFILRWBCGG
ShannonThayer505,https://www.amazon.com/gp/customer-reviews/RFY40AT1XB8LP
ShannonThayer505,https://www.amazon.com/gp/customer-reviews/R2CTVUZA3438RX
ShannonThayer505,https://www.amazon.com/gp/customer-reviews/R1JAUTQ9A70A8N
ShannonThayer505,https://www.amazon.com/gp/customer-reviews/R3PG200HSDOKIS
ShannonThayer505,https://www.amazon.com/gp/customer-reviews/RB5REKH37Q0C5
ShannonThayer505,https://www.amazon.com/gp/customer-reviews/RIGBUZAA8NIV4
ShannonThayer505,https://www.amazon.com/gp/customer-reviews/R3K3O1TA6T4RMW
ShannonThayer505,https://www.amazon.com/gp/customer-reviews/R32LDKA5SFN7QZ
ShannonThayer505,https://www.amazon.com/gp/customer-reviews/RCJFOKZL49PUI
ShannonThayer505,https://www.amazon.com/gp/customer-reviews/R2S8JK5HYOW4UP
ShannonThayer505,https://www.amazon.com/gp/customer-reviews/R14W33AJYFW2RN
ShannonThayer505,https://www.amazon.com/gp/customer-reviews/R2HGWT6F9AD79A
ShannonThayer505,https://www.amazon.com/gp/customer-reviews/R16TNF8AJHNOG2
ShannonThayer505,https://www.amazon.com/gp/customer-reviews/R1M5G31Z2I5XBT
ShannonThayer505,https://www.amazon.com/gp/customer-reviews/R2K23FPM8BJ0JF
ShannonThayer505,https://www.amazon.com/gp/customer-reviews/R130ML8M713ZQH
ShannonThayer505,https://www.amazon.com/gp/customer-reviews/R18VQUYRUWMDEV
ShannonThayer505,https://www.amazon.com/gp/customer-reviews/R1HFPUEW5JXX8P
ShannonThayer505,https://www.amazon.com/gp/customer-reviews/R1PQGVD7M6W8FU
ShannonThayer505,https://www.amazon.com/gp/customer-reviews/R5OORUKEDFOGF
ShannonThayer505,https://www.amazon.com/gp/customer-reviews/R2GCT7ZDI5WF2C
ShannonThayer505,https://www.amazon.com/gp/customer-reviews/R2QM63593KHJD0
ShannonThayer505,https://www.amazon.com/gp/customer-reviews/R280XXQG8N2ZJM
ShannonThayer505,https://www.amazon.com/gp/customer-reviews/R27RWV9B69FWGP
ShannonThayer505,https://www.amazon.com/gp/customer-reviews/R1G42XGVD217V6
ShannonThayer505,https://www.amazon.com/gp/customer-reviews/R2BU8EJ8NA15FK
ShannonThayer505,https://www.amazon.com/gp/customer-reviews/R1I2Q0CGA6FMHC
ShannonThayer505,https://www.amazon.com/gp/customer-reviews/R25Z2GQTKIJELS
ShannonThayer505,https://www.amazon.com/gp/customer-reviews/R1N8OL107QVMU9
ShannonThayer505,https://www.amazon.com/gp/customer-reviews/R27ON0M0I9IUFW
ShannonThayer505,https://www.amazon.com/gp/customer-reviews/RUOK0EREMT9M9
ShannonThayer505,https://www.amazon.com/gp/customer-reviews/R3IXOCWFL1ZQWB
ShannonThayer505,https://www.amazon.com/gp/customer-reviews/RR6X28NNEJ9OX
ShannonThayer505,https://www.amazon.com/gp/customer-reviews/R2EZEJAFUAQBDN
ShannonThayer505,https://www.amazon.com/gp/customer-reviews/R3UBTB12T0CV3I
ShannonThayer505,https://www.amazon.com/gp/customer-reviews/R31SIZ00HUENWY
ShannonThayer505,https://www.amazon.com/gp/customer-reviews/R137CR3BOC80H6